"#","Qty","Reference","Value","Footprint","DNP","OEPS PN","MPN","DESCRIPTION"
"1","23","C1,C2,C5,C6,C26,C27,C34,C35,C36,C37,C70,C71,C72,C73,C79,C80,C81,C91,C92,C106,C118,C139,C140","10uF","fmc-host:1206","","OEPS010007","GRM31CR71E106KA12L","CAPACITOR:   SMD CER 1206 10uF 25V ±10% X7R   [GRM31CR71E106KA12L] [SMD]"
"2","60","C3,C4,C7,C8,C9,C10,C13,C14,C15,C16,C17,C18,C19,C22,C23,C30,C31,C32,C33,C41,C43,C44,C45,C46,C47,C48,C49,C52,C53,C54,C55,C56,C60,C61,C63,C65,C67,C68,C78,C83,C84,C85,C86,C87,C89,C90,C93,C99,C100,C104,C107,C110,C111,C112,C114,C132,C134,C135,C137,C138","0.1uF","fmc-host:0402","","OEPS010004","GRM155R71E104KE14D","CAPACITOR:   SMD CER 0402 100nF 25V ±10% X7R   [GRM155R71E104KE14D] [SMD]"
"3","14","C11,C12,C20,C21,C24,C25,C50,C51,C57,C58,C82,C122,C123,C124","10nF","fmc-host:0402","","OEPS010002","GCM155R71E103KA37D","CAPACITOR:   SMD CER 0402 10nF 25V ±10% X7R   [GCM155R71E103KA37D] [SMD]"
"4","2","C28,C29","4.7nF","fmc-host:0402","","OEPS010001","CC0402KRX7R8BB472","CAPACITOR:   SMD CER 0402 4.7nF 25V ±10% X7R   [CC0402KRX7R8BB472] [SMD]"
"5","2","C38,C39","47nF","fmc-host:0402","","OEPS010003","GRM155R71E473KA88D","CAPACITOR:   SMD CER 0402 47nF 25V ±10% X7R   [GRM155R71E473KA88D] [SMD]"
"6","8","C40,C42,C64,C66,C74,C75,C76,C88","1uF","fmc-host:0805","","OEPS010005","GCM21BR71E105KA56L","CAPACITOR:   SMD CER 0805 1uF 25V ±10% X7R   [GCM21BR71E105KA56L] [SMD]"
"7","20","C59,C62,C69,C77,C95,C96,C101,C103,C105,C108,C109,C113,C116,C117,C119,C120,C121,C125,C126,C127","10uF","fmc-host:0805","","OEPS010006","GRM21BR61E106KA73L","CAPACITOR:   SMD CER 0805 10uF 25V ±10% X5R   [GRM21BR61E106KA73L] [SMD]"
"8","6","C94,C97,C98,C102,C130,C131","47uF","fmc-host:1210","","OEPS010008","TMK325ABJ476MM-T","CAPACITOR:   SMD CER 1210 47uF 25V ±20% X5R   [TMK325ABJ476MM-T] [SMD]"
"9","1","C115","100pF","fmc-host:0402","","OEPS010089","CC0402JRNPO9BN101","CAPACITOR:   SMD CER 0402 100pF 50V ±5% C0G   [CC0402JRNPO9BN101] [SMD]"
"10","2","C128,C129","0.1uF, 500V","fmc-host:1210","","OEPS010091","C1210C104KCRACTU","CAPACITOR:   SMD CER 1210 100nF 500V ±10% X7R   [C1210C104KCRACTU] [SMD]"
"11","2","C133,C136","33uF","fmc-host:1411-VISHAY-B","","OEPS210010","TL8B0336M020C","CAPACITOR POL:   SMD TANT B0 1411 33uF 20V ±20% 50Ohm   [TL8B0336M020C] [SMD]"
"12","2","D1,D2","SESD0402X1UN-0030-088","fmc-host:0402P-DFN","","OEPS030049","SESD0402X1UN-0030-088","DIODE:   TVS DIODE 7VWM 13VC   [SESD0402X1UN-0030-088] [0402/2DFN]"
"13","3","D3,D4,D5","BAR66","fmc-host:SOT23","","OEPS030050","BAR66E6327HTSA1","DIODE:   RF DIODE PIN 150V 250MW   [BAR66E6327HTSA1] [PG-SOT23]"
"14","1","D6","KDZVTR4.3B","fmc-host:SOD123","","OEPS030051","KDZVTR4.3B","DIODE:   DIODE ZENER 4.55V 1W   [KDZVTR4.3B] [PMDU]"
"15","3","F1,F2,F3","C014F-2","fmc-host:1812","","OEPS100088","MINISMDC014F-2","OTHER:   PTC RESET FUSE 60V 140MA 1812   [MINISMDC014F-2] [Other]"
"16","5","J1,J2,J3,J4,J5","6-1634010-0","fmc-host:MMCX-THRU","","OEPS070003","6-1634010-0","CONNECTOR:   MMCX RCPT 50ohm 90º   [6-1634010-0] [TH]"
"17","1","J6","FTSH-105-01-F-D-RA-K","fmc-host:FTSH-105-01-F-D-RA-K","","OEPS070147","FTSH-105-01-F-D-RA-K","CONNECTOR:   HEADER 1.27MM R/A 10POS   [FTSH-105-01-F-D-RA-K] [TH]"
"18","1","J7","12226-8250-00FR","fmc-host:12226-82X0-00XX","","OEPS070009","12226-8250-00FR","CONNECTOR:   SDR RCPT 90º 26POS   [12226-8250-00FR] [SMD]"
"19","1","J9","ASP-134488-01","fmc-host:FMC_HPC_MALE","","OEPS070148","ASP-134488-01","CONNECTOR:   ARRAY PLUG 400POS GOLD   [ASP-134488-01] [SMD]"
"20","1","J10","BM08B-SURS-TF","fmc-host:BM08B-SURS-TF","","OEPS070149","BM08B-SURS-TF","CONNECTOR:   HEADER 0.8MM 8POS   [BM08B-SURS-TF] [SMD]"
"21","2","L1,L2","1008PS-472","fmc-host:1008PS","","OEPS040032","1008PS-472KLB","INDUCTOR:   FIXED INDUCTOR SMD 4.7uH 950mA 350mΩ   [1008PS-472KLB] [-]"
"22","6","L3,L4,L9,L10,L11,L12","BLM18KG601SN1D","fmc-host:0603","","OEPS040029","BLM18KG601SN1D","INDUCTOR:   FERRITE BEAD SMD 0603 600Ω 1.3A 150mΩ (OEPS J30 030)   [BLM18KG601SN1D] [0603]"
"23","2","L5,L6","SRN6045TA-101M","fmc-host:SRN6045TA","","OEPS040033","SRN6045TA-101M","INDUCTOR:   FIXED INDUCTOR SMD 100uH 920mA 456mΩ   [SRN6045TA-101M] [SMD]"
"24","2","L7,L8","MPZ2012S102AT000","fmc-host:0805","","OEPS040034","MPZ2012S102AT000","INDUCTOR:   FERRITE BEAD SMD 0805 1kΩ 1.5A 150mΩ   [MPZ2012S102AT000] [SMD]"
"25","1","L13","1277AS-H-6R8M=P2","fmc-host:1210","","OEPS040035","1277AS-H-6R8M=P2","INDUCTOR:   FIXED INDUCTOR SMD 6.8uH 1.2A 276mΩ   [1277AS-H-6R8M=P2] [SMD]"
"26","6","L14,L15,L16,L17,L18,L19","BLM15PX601SN1D","fmc-host:0402","","OEPS040019","BLM15PX601SN1D","INDUCTOR:   FERRITE BEAD SMD 0402 600Ω 900mA 230mΩ   [BLM15PX601SN1D] [0402]"
"27","2","Q1,Q2","SI1012R","fmc-host:SC75","","OEPS060001","SI1012R-T1-GE3","TRANSISTOR:   MOSFET N-CH 20V 500mA   [SI1012R-T1-GE3] [SC-75A]"
"28","4","R1,R2,R38,R39","3k","fmc-host:0402","","OEPS020008","ERJ-2RKF3001X","RESISTOR:   SMD 0402 3kΩ ±1% 0.100W   [ERJ-2RKF3001X] [SMD]"
"29","6","R3,R4,R9,R10,R57,R58","2k","fmc-host:0402","","OEPS020007","ERJ-2RKF2001X","RESISTOR:   SMD 0402 2kΩ ±1% 0.100W   [ERJ-2RKF2001X] [SMD]"
"30","6","R5,R6,R7,R8,R11,R12","150,0.25W","fmc-host:0603","","OEPS020023","CRGP0603F150R","RESISTOR:   SMD 0603 150Ω ±1% 0.250W   [CRGP0603F150R] [SMD]"
"31","7","R13,R14,R49,R50,R51,R52,R76","165k","fmc-host:0402","","OEPS020020","ERJ-2RKF1653X","RESISTOR:   SMD 0402 165kΩ ±1% 0.100W   [ERJ-2RKF1653X] [SMD]"
"32","13","R15,R16,R35,R37,R59,R63,R64,R65,R67,R68,R78,R79,R82","10k","fmc-host:0402","","OEPS020013","ERJ-2RKF1002X","RESISTOR:   SMD 0402 10kΩ ±1% 0.100W   [ERJ-2RKF1002X] [SMD]"
"33","8","R17,R18,R41,R42,R44,R45,R46,R47","1k","fmc-host:0402","","OEPS020006","ERJ-2RKF1001X","RESISTOR:   SMD 0402 1kΩ ±1% 0.100W   [ERJ-2RKF1001X] [SMD]"
"34","2","R19,R21","5.6k 1%","fmc-host:0402","","OEPS020011","ERJ-2RKF5601X","RESISTOR:   SMD 0402 5.6kΩ ±1% 0.100W   [ERJ-2RKF5601X] [SMD]"
"35","2","R20,R22","21k 1%","fmc-host:0402","","OEPS020016","ERJ-2RKF2102X","RESISTOR:   SMD 0402 21kΩ ±1% 0.100W   [ERJ-2RKF2102X] [SMD]"
"36","4","R23,R24,R28,R29","49.9","fmc-host:0402","","OEPS020002","RR0510R-49R9-D","RESISTOR:   SMD 0402 49.9Ω ±0.5% 0.063W   [RR0510R-49R9-D] [SMD]"
"37","3","R25,R26,R27","100","fmc-host:0402","","OEPS020004","ERJ-2RKF1000X","RESISTOR:   SMD 0402 100Ω ±1% 0.100W   [ERJ-2RKF1000X] [SMD]"
"38","9","R30,R31,R32,R33,R40,R43,R71,R73,R75","4.7k","fmc-host:0402","","OEPS020010","ERJ-2RKF4701X","RESISTOR:   SMD 0402 4.7kΩ ±1% 0.100W   [ERJ-2RKF4701X] [SMD]"
"39","2","R34,R36","DNP","fmc-host:0402","DNP","OEPS000000","DNP","DNP: Do Not Populate (DNI)"
"40","2","R48,R66","0","fmc-host:0402","","OEPS020001","RC0402JR-070RL","RESISTOR:   SMD 0402 0Ω 1A   [RC0402JR-070RL] [SMD]"
"41","4","R53,R54,R55,R56","2.2k","fmc-host:RN2X8-1506","","OEPS080206","EXB-2HV222JV","IC:   RES ARRAY 8 RES 2.2K OHM 1506   [EXB-2HV222JV] [SMD]"
"42","2","R60,R61","3.48k","fmc-host:0402","","OEPS020009","ERJ-2RKF3481X","RESISTOR:   SMD 0402 3.48kΩ ±1% 0.100W   [ERJ-2RKF3481X] [SMD]"
"43","1","R62","649k","fmc-host:0402","","OEPS020022","ERJ-2RKF6493X","RESISTOR:   SMD 0402 649kΩ ±1% 0.100W   [ERJ-2RKF6493X] [SMD]"
"44","1","R69","2.2k","fmc-host:0402","","OEPS020174","ERJ-2RKF2201X","RESISTOR:   SMD 0402 2.2kΩ ±1% 0.100W   [ERJ-2RKF2201X] [SMD]"
"45","1","R70","15k","fmc-host:0402","","OEPS020015","ERJ-2RKF1502X","RESISTOR:   SMD 0402 15kΩ ±1% 0.100W   [ERJ-2RKF1502X] [SMD]"
"46","2","R72,R74","47k","fmc-host:0402","","OEPS020017","ERJ-2RKF4702X","RESISTOR:   SMD 0402 47kΩ ±1% 0.100W   [ERJ-2RKF4702X] [SMD]"
"47","1","R77","178k","fmc-host:0402","","OEPS020021","ERJ-2RKF1783X","RESISTOR:   SMD 0402 178kΩ ±1% 0.100W   [ERJ-2RKF1783X] [SMD]"
"48","2","R80,R81","73.2k","fmc-host:0402","","OEPS020018","ERJ-2RKF7322X","RESISTOR:   SMD 0402 73.2kΩ ±1% 0.100W   [ERJ-2RKF7322X] [SMD]"
"49","2","S1,S2","CHS-01TA","fmc-host:DIP01-SMD-GULL","DNP","OEPS100086","CHS-01TA","OTHER:   SWITCH SLIDE DIP SPST 0.1A 6V 1 POS   [CHS-01TA] [Other]"
"50","1","S3","CHS-02TB","fmc-host:CHS-02TB","","OEPS100087","CHS-02TB","OTHER:   SWITCH SLIDE DIP SPST 0.1A 6V 2 POS   [CHS-02TB] [Other]"
"51","1","U1","SN74LVC2G34DCKR","fmc-host:SC70","","OEPS080207","SN74LVC2G34DCKR","IC:   BUFFER NON-INVERT 2CH   [SN74LVC2G34DCKR] [SC-70-6]"
"52","1","U2","SN65LVDS9638DGN","fmc-host:MSOP-8-PAD-3X3","","OEPS080007","SN65LVDS9638DGN","IC:   LVDS 2channel driver   [SN65LVDS9638DGN] [8-MSOP-PowerPad]"
"53","1","U3","FIN1032MTCX","fmc-host:TSSOP-16","","OEPS080006","FIN1032MTCX","IC:   LVDS 4channel receiver   [FIN1032MTCX] [16-TSSOP]"
"54","2","U4,U5","ADCMP600","fmc-host:SOT-23-5","","OEPS080208","ADCMP600BRJZ-R2","IC:   COMPARATOR 1 GP   [ADCMP600BRJZ-R2] [SOT23-5]"
"55","3","U6,U7,U8","DG1412E","fmc-host:QFN16-4X4MM","","OEPS080209","DG1412EEN-T1-GE4","IC:   SWITCH SPST-NOX4 1.5OHM   [DG1412EEN-T1-GE4] [16-QFN (4x4)]"
"56","2","U9,U10","DS90UB934-Q1","fmc-host:WQFN48-7X7-PAD","","OEPS080210","DS90UB934TRGZRQ1","IC:   DESERIALIZER FPD-Link III   [DS90UB934TRGZRQ1] [48-VQFN (7x7)]"
"57","1","U11","DS91M040","fmc-host:WQFN32-5X5","","OEPS080211","DS91M040TSQ/NOPB","IC:   TRANSCEIVER Half LVDS   [DS91M040TSQ/NOPB] [32-WQFN (5x5)]"
"58","1","U12","AD5766BCPZ-RL7","fmc-host:CP_40_7","","OEPS080212","AD5766BCPZ-RL7","IC:   DAC 16BIT 16CH   [AD5766BCPZ-RL7] [40-LFCSP-WQ (6x6)]"
"59","1","U13","MCP47FEB02A0-E/ST","fmc-host:TSSOP-8","","OEPS080213","MCP47FEB02A0-E/ST","IC:   DAC 8BIT 2CH   [MCP47FEB02A0-E/ST] [8-TSSOP]"
"60","1","U14","LM4132AMF-2.5/NOPB","fmc-host:SOT-23-5","","OEPS080214","LM4132AMF-2.5/NOPB","IC:   VREF 2.5V 0.05%   [LM4132AMF-2.5/NOPB] [SOT-23-5]"
"61","1","U15","AD7616BSTZ","fmc-host:ST_80_2","","OEPS080205","AD7616BSTZ","IC:   ADC 16BIT 16 channels   [AD7616BSTZ] [80-LQFP]"
"62","1","U16","AD5142BRUZ10","fmc-host:TSSOP-16_4.4X5.0","","OEPS080118","AD5142BRUZ10","IC:   DGT POT 10KOHM 256TAP 16TSSOP   [AD5142BRUZ10] [16-TSSOP]"
"63","1","U17","LTM4622A","fmc-host:BGA_5X5_625X625","","OEPS080003","LTM4622AIY#PBF","IC:   DC-DC CONVERTER 2outputs1.5-12V 1.5-12V   [LTM4622AIY#PBF] [25-BGA]"
"64","3","U18,U25,U26","D3V3XA4B10LP","Package_DFN_QFN:Diodes_UDFN-10_1.0x2.5mm_P0.5mm","","OEPS080204","D3V3XA4B10LP-7","IC:   TVS DIODE ARRAY   [D3V3XA4B10LP-7] [10-UFDFN]"
"65","2","U19,U20","TPS7A49","fmc-host:PVSON-N8+4-3X3","","OEPS080215","TPS7A4901DRBR","IC:   LDO ADJ 150mA   [TPS7A4901DRBR] [8-SON (3x3)]"
"66","1","U21","TPS7A30","fmc-host:PVSON-N8+4-3X3","","OEPS080216","TPS7A3001DRBT","IC:   LDO NEGATIVE ADJ 200mA   [TPS7A3001DRBT] [8-SON (3x3)]"
"67","1","U22","24AA64-I/ST","fmc-host:TSSOP8","","OEPS080217","24AA64-I/ST","IC:   EEPROM 64KBIT I2C   [24AA64-I/ST] [8-TSSOP]"
"68","1","U23","LTM8049IY#PBF","fmc-host:LTM8049","","OEPS080218","LTM8049IY#PBF","IC:   DC DC CONVERTER ADJ 2outputs 2x1A   [LTM8049IY#PBF] [77-BGA (15x9)]"
"69","1","U24","TPS62061DSGT","fmc-host:WSON8-2X2","","OEPS080219","TPS62061DSGT","IC:   FIXED REG BUCK 1.8V 1.6A   [TPS62061DSGT] [8-WSON (2x2)]"
