Ref,Val,Package,PosX,PosY,Rot,Side
"C1","10uF","1206",162.201100,-193.663600,-90.000000,bottom
"C2","10uF","1206",142.801100,-180.503600,-90.000000,bottom
"C3","0.1uF","0402",162.501100,-198.053600,90.000000,bottom
"C4","0.1uF","0402",143.051100,-185.503600,90.000000,bottom
"C7","0.1uF","0402",129.551100,-218.003600,90.000000,bottom
"C8","0.1uF","0402",127.651100,-224.903600,90.000000,bottom
"C9","0.1uF","0402",127.251100,-231.903600,90.000000,bottom
"C10","0.1uF","0402",127.651100,-208.503600,-90.000000,bottom
"C11","10nF","0402",159.001100,-201.653600,180.000000,bottom
"C12","10nF","0402",139.501100,-187.853600,180.000000,bottom
"C17","0.1uF","0402",123.251100,-217.803600,90.000000,bottom
"C18","0.1uF","0402",125.251100,-224.903600,90.000000,bottom
"C19","0.1uF","0402",125.151100,-231.903600,90.000000,bottom
"C20","10nF","0402",161.251100,-198.053600,90.000000,bottom
"C21","10nF","0402",139.499294,-188.979913,180.000000,bottom
"C22","0.1uF","0402",146.451100,-202.703600,-90.000000,bottom
"C23","0.1uF","0402",133.051100,-202.903600,-90.000000,bottom
"C24","10nF","0402",159.001100,-200.553600,180.000000,bottom
"C25","10nF","0402",141.774788,-185.501794,90.000000,bottom
"C28","4.7nF","0402",148.351100,-239.903600,-90.000000,bottom
"C29","4.7nF","0402",144.951100,-241.103600,180.000000,bottom
"C30","0.1uF","0402",134.491100,-195.023600,180.000000,bottom
"C32","0.1uF","0402",147.251100,-239.903600,-90.000000,bottom
"C33","0.1uF","0402",144.951100,-242.303600,180.000000,bottom
"C34","10uF","1206",163.651100,-208.253600,180.000000,bottom
"C35","10uF","1206",165.601100,-199.753600,0.000000,bottom
"C36","10uF","1206",143.951100,-195.903600,180.000000,bottom
"C37","10uF","1206",146.201100,-187.103600,0.000000,bottom
"C40","1uF","0805",162.151100,-205.103600,-90.000000,bottom
"C41","0.1uF","0402",166.301100,-201.603600,0.000000,bottom
"C42","1uF","0805",142.651100,-192.753600,-90.000000,bottom
"C43","0.1uF","0402",147.001100,-189.003600,0.000000,bottom
"C46","0.1uF","0402",160.551100,-205.353600,-90.000000,bottom
"C47","0.1uF","0402",141.077907,-192.577288,-90.000000,bottom
"C48","0.1uF","0402",159.001100,-199.403600,180.000000,bottom
"C49","0.1uF","0402",139.451100,-192.353600,180.000000,bottom
"C50","10nF","0402",158.901100,-204.003600,180.000000,bottom
"C51","10nF","0402",139.451100,-191.203600,180.000000,bottom
"C53","0.1uF","0402",158.901100,-205.153600,180.000000,bottom
"C54","0.1uF","0402",139.501100,-186.753600,180.000000,bottom
"C55","0.1uF","0402",163.801100,-205.553600,-90.000000,bottom
"C56","0.1uF","0402",144.374294,-192.729913,-90.000000,bottom
"C57","10nF","0402",159.001100,-198.303600,180.000000,bottom
"C58","10nF","0402",139.501100,-185.653600,180.000000,bottom
"C59","10uF","0805",133.051100,-231.803600,0.000000,bottom
"C60","0.1uF","0402",165.301100,-197.303600,90.000000,bottom
"C61","0.1uF","0402",145.449294,-184.679913,90.000000,bottom
"C62","10uF","0805",138.651100,-235.303600,90.000000,bottom
"C63","0.1uF","0402",159.001100,-202.803600,180.000000,bottom
"C64","1uF","0805",167.051100,-194.853600,-90.000000,bottom
"C65","0.1uF","0402",139.497494,-190.078594,180.000000,bottom
"C66","1uF","0805",149.090613,-183.998113,180.000000,bottom
"C69","10uF","0805",133.151100,-223.603600,0.000000,bottom
"C70","10uF","1206",154.501100,-205.803600,0.000000,bottom
"C71","10uF","1206",170.651100,-196.553600,180.000000,bottom
"C72","10uF","1206",135.049294,-192.979913,0.000000,bottom
"C73","10uF","1206",149.651100,-181.403600,180.000000,bottom
"C74","1uF","0805",149.351100,-207.003600,0.000000,bottom
"C77","10uF","0805",138.351100,-220.103600,-90.000000,bottom
"C81","10uF","1206",140.951100,-228.803600,90.000000,bottom
"C83","0.1uF","0402",139.951100,-220.103600,-90.000000,bottom
"C84","0.1uF","0402",133.151100,-225.603600,0.000000,bottom
"C85","0.1uF","0402",140.351100,-235.403600,90.000000,bottom
"C86","0.1uF","0402",166.301100,-202.853600,0.000000,bottom
"C87","0.1uF","0402",147.001100,-190.253600,0.000000,bottom
"C88","1uF","0805",139.651100,-210.003600,135.000000,bottom
"C89","0.1uF","0402",149.251100,-204.603600,180.000000,bottom
"C90","0.1uF","0402",133.051100,-230.103600,0.000000,bottom
"C91","10uF","1206",167.051100,-204.803600,0.000000,bottom
"C92","10uF","1206",147.651100,-192.453600,0.000000,bottom
"C93","0.1uF","0402",142.751100,-217.703600,135.000000,bottom
"C95","10uF","0805",142.051100,-235.303600,90.000000,bottom
"C96","10uF","0805",144.651100,-215.603600,-135.000000,bottom
"C99","0.1uF","0402",143.051100,-213.003600,-135.000000,bottom
"C100","0.1uF","0402",142.851100,-231.503600,-90.000000,bottom
"C101","10uF","0805",140.751100,-223.103600,180.000000,bottom
"C103","10uF","0805",139.351100,-216.003600,45.000000,bottom
"C105","10uF","0805",138.151100,-211.503600,135.000000,bottom
"C106","10uF","1206",152.351100,-189.153600,-90.000000,bottom
"C108","10uF","0805",136.651100,-213.003600,135.000000,bottom
"C109","10uF","0805",148.351100,-226.703600,180.000000,bottom
"C111","0.1uF","0402",170.851100,-181.503600,90.000000,bottom
"C113","10uF","0805",168.351100,-182.003600,90.000000,bottom
"C114","0.1uF","0402",148.451100,-228.403600,180.000000,bottom
"C115","100pF","0402",145.451100,-232.103600,0.000000,bottom
"C117","10uF","0805",148.451100,-230.103600,180.000000,bottom
"C118","10uF","1206",157.151100,-186.403600,180.000000,bottom
"C132","0.1uF","0402",179.051100,-195.503600,-90.000000,bottom
"C133","33uF","1411-VISHAY-B",183.951100,-185.603600,90.000000,bottom
"C134","0.1uF","0402",182.316300,-191.370200,-90.000000,bottom
"C135","0.1uF","0402",183.585900,-193.337000,90.000000,bottom
"C136","33uF","1411-VISHAY-B",178.251100,-187.403600,90.000000,bottom
"C137","0.1uF","0402",173.451100,-187.203600,-90.000000,bottom
"C138","0.1uF","0402",174.651100,-187.203600,-90.000000,bottom
"C141","0.1uF","0402",153.304000,-185.006000,180.000000,bottom
"C142","0.1uF","0402",158.550000,-183.380000,180.000000,bottom
"J6","FTSH-105-01-F-D-RA-K","FTSH-105-01-F-D-RA-K",157.118600,-239.276100,0.000000,bottom
"L3","BLM18KG601SN1D","0603",159.751100,-194.353600,-90.000000,bottom
"L4","BLM18KG601SN1D","0603",139.926094,-181.456232,-90.000000,bottom
"L9","BLM18KG601SN1D","0603",154.951100,-203.703600,0.000000,bottom
"L10","BLM18KG601SN1D","0603",135.624294,-190.929913,0.000000,bottom
"L11","BLM18KG601SN1D","0603",164.801100,-194.403600,-90.000000,bottom
"L12","BLM18KG601SN1D","0603",145.451100,-181.903600,-90.000000,bottom
"L13","1277AS-H-6R8M=P2","1210",156.101100,-192.503600,0.000000,bottom
"L14","BLM15PX601SN1D","0402",144.751100,-224.703600,0.000000,bottom
"Q3","SI1012R","SC75",155.990000,-179.470000,90.000000,bottom
"Q4","SI1012R","SC75",158.978137,-189.052500,0.000000,bottom
"R25","100","0402",141.251100,-242.003600,-90.000000,bottom
"R26","100","0402",141.251100,-244.503600,90.000000,bottom
"R27","100","0402",147.051100,-244.903600,90.000000,bottom
"R40","4.7k","0402",168.951100,-199.003600,-90.000000,bottom
"R41","1k","0402",168.451100,-213.403600,0.000000,bottom
"R42","1k","0402",168.451100,-215.603600,180.000000,bottom
"R43","4.7k","0402",149.851100,-185.903600,180.000000,bottom
"R44","1k","0402",168.451100,-218.903600,0.000000,bottom
"R45","1k","0402",168.451100,-216.703600,0.000000,bottom
"R46","1k","0402",168.451100,-217.803600,0.000000,bottom
"R47","1k","0402",168.451100,-214.503600,0.000000,bottom
"R48","0","0402",142.451100,-219.503600,0.000000,bottom
"R57","2k","0402",148.551100,-202.603600,-90.000000,bottom
"R58","2k","0402",149.951100,-202.603600,-90.000000,bottom
"R59","10k","0402",140.951100,-232.103600,180.000000,bottom
"R63","10k","0402",145.450000,-228.400000,180.000000,bottom
"R64","10k","0402",145.451100,-233.403600,180.000000,bottom
"R65","10k","0402",149.351100,-232.703600,90.000000,bottom
"R66","0","0402",145.451100,-230.803600,0.000000,bottom
"R69","2.2k","0402",170.551100,-183.303600,0.000000,bottom
"R78","10k","0402",184.751100,-201.603600,90.000000,bottom
"R79","10k","0402",179.151100,-201.603600,90.000000,bottom
"R80","73.2k","0402",160.951100,-234.803600,180.000000,bottom
"R81","73.2k","0402",158.651100,-234.803600,0.000000,bottom
"R82","10k","0402",145.450000,-229.600000,180.000000,bottom
"R83","165k","0402",155.810000,-181.230000,180.000000,bottom
"R84","165k","0402",157.430000,-188.780000,90.000000,bottom
"R289","4.7,1W","R_1206_3216Metric",153.620000,-181.180000,-90.000000,bottom
"R290","4.7,1W","R_1206_3216Metric",162.390000,-189.990000,0.000000,bottom
"S1","CHS-01TA","DIP01-SMD-GULL",152.551100,-209.053600,-90.000000,bottom
"S2","CHS-01TA","DIP01-SMD-GULL",133.451100,-197.203600,-90.000000,bottom
"S3","CHS-02TB","CHS-02TB",181.951100,-206.303600,180.000000,bottom
"U14","LM4132AMF-2.5/NOPB","SOT-23-5",137.651100,-231.103600,90.000000,bottom
"U22","24AA64-I/ST","TSSOP8",181.851100,-198.303600,-90.000000,bottom
"U24","TPS62061DSGT","WSON8-2X2",155.701100,-189.253600,90.000000,bottom
"U27","TLV9062IDSGR","WSON-8-1EP_2x2mm_P0.5mm_EP0.9x1.6mm",156.150000,-183.430000,-90.000000,bottom
"U28","SN74LVC2G14DBV","SOT-23-6",159.300000,-180.790000,-90.000000,bottom
"C5","10uF","1206",130.051100,-194.203600,90.000000,top
"C6","10uF","1206",128.151100,-181.703600,0.000000,top
"C13","0.1uF","0402",146.251100,-205.703600,-90.000000,top
"C14","0.1uF","0402",132.451100,-205.503600,-90.000000,top
"C15","0.1uF","0402",132.151100,-192.803600,90.000000,top
"C16","0.1uF","0402",131.577907,-184.352288,-90.000000,top
"C26","10uF","1206",135.451100,-193.003600,0.000000,top
"C27","10uF","1206",136.824788,-181.451794,90.000000,top
"C31","0.1uF","0402",133.799788,-184.351794,-90.000000,top
"C38","47nF","0402",157.351100,-202.303600,180.000000,top
"C39","47nF","0402",137.022979,-189.403113,180.000000,top
"C44","0.1uF","0402",156.901100,-201.003600,180.000000,top
"C45","0.1uF","0402",137.222979,-188.103113,180.000000,top
"C52","0.1uF","0402",132.251100,-210.103600,180.000000,top
"C67","0.1uF","0402",160.201100,-197.363600,0.000000,top
"C68","0.1uF","0402",140.751100,-184.403600,0.000000,top
"C75","1uF","0805",162.301100,-195.453600,-90.000000,top
"C76","1uF","0805",143.051100,-182.753600,-90.000000,top
"C78","0.1uF","0402",167.111100,-237.983600,0.000000,top
"C79","10uF","1206",164.901100,-194.203600,-90.000000,top
"C80","10uF","1206",145.601100,-181.203600,-90.000000,top
"C82","10nF","0402",168.101100,-245.223600,180.000000,top
"C94","47uF","1210",155.951100,-182.003600,0.000000,top
"C97","47uF","1210",151.551100,-181.003600,90.000000,top
"C98","47uF","1210",155.902413,-187.380407,0.000000,top
"C102","47uF","1210",154.551100,-191.253600,0.000000,top
"C104","0.1uF","0402",137.551100,-210.203600,-135.000000,top
"C107","0.1uF","0402",135.951100,-211.803600,45.000000,top
"C110","0.1uF","0402",162.252413,-179.480407,-90.000000,top
"C112","0.1uF","0402",165.202413,-188.755407,180.000000,top
"C116","10uF","0805",165.202413,-190.405407,180.000000,top
"C119","10uF","0805",163.751100,-211.103600,0.000000,top
"C120","10uF","0805",158.251100,-210.803600,0.000000,top
"C121","10uF","0805",153.751100,-210.803600,180.000000,top
"C122","10nF","0402",161.851100,-218.503600,180.000000,top
"C123","10nF","0402",156.351100,-218.203600,180.000000,top
"C124","10nF","0402",150.751100,-218.203600,180.000000,top
"C125","10uF","0805",163.251100,-220.303600,0.000000,top
"C126","10uF","0805",157.751100,-220.003600,0.000000,top
"C127","10uF","0805",153.151100,-220.003600,180.000000,top
"C128","0.1uF, 500V","1210",181.851100,-180.403600,180.000000,top
"C129","0.1uF, 500V","1210",181.851100,-243.403600,180.000000,top
"C130","47uF","1210",163.651100,-224.603600,0.000000,top
"C131","47uF","1210",155.651100,-224.503600,180.000000,top
"C139","10uF","1206",150.951100,-232.303600,90.000000,top
"C140","10uF","1206",169.051100,-232.703600,90.000000,top
"D1","SESD0402X1UN-0030-088","0402P-DFN",116.351100,-196.703600,0.000000,top
"D2","SESD0402X1UN-0030-088","0402P-DFN",116.151100,-191.303600,0.000000,top
"D3","BAR66","SOT23",123.751094,-209.828604,180.000000,top
"D4","BAR66","SOT23",137.551097,-206.003607,90.000000,top
"D5","BAR66","SOT23",123.751100,-206.003607,90.000000,top
"D6","KDZVTR4.3B","SOD123",129.951100,-209.003600,-90.000000,top
"F1","C014F-2","1812",118.151097,-199.503607,0.000000,top
"F2","C014F-2","1812",118.151097,-203.303610,0.000000,top
"F3","C014F-2","1812",118.151097,-207.103607,0.000000,top
"J1","6-1634010-0","MMCX-THRU",112.351100,-193.903600,90.000000,top
"J2","6-1634010-0","MMCX-THRU",112.351100,-188.903600,90.000000,top
"J3","6-1634010-0","MMCX-THRU",112.351100,-198.903600,90.000000,top
"J4","6-1634010-0","MMCX-THRU",112.351100,-203.403600,90.000000,top
"J5","6-1634010-0","MMCX-THRU",112.351100,-207.903600,90.000000,top
"J7","12226-8250-00FR","12226-82X0-00XX",114.951100,-223.903600,-90.000000,top
"J9","ASP-134488-01","FMC_HPC_MALE",177.851100,-211.903600,-90.000000,top
"J10","BM08B-SURS-TF","BM08B-SURS-TF",168.851100,-216.003600,90.000000,top
"L1","1008PS-472","1008PS",116.651100,-194.203600,0.000000,top
"L2","1008PS-472","1008PS",116.551100,-188.803600,0.000000,top
"L5","SRN6045TA-101M","SRN6045TA",125.351100,-194.003600,-90.000000,top
"L6","SRN6045TA-101M","SRN6045TA",127.251100,-186.103600,-90.000000,top
"L7","MPZ2012S102AT000","0805",133.151100,-195.703600,180.000000,top
"L8","MPZ2012S102AT000","0805",132.677907,-181.777288,180.000000,top
"L15","BLM15PX601SN1D","0402",141.851100,-208.503600,45.000000,top
"L16","BLM15PX601SN1D","0402",142.751100,-209.403600,45.000000,top
"L17","BLM15PX601SN1D","0402",168.151100,-224.003600,-90.000000,top
"L18","BLM15PX601SN1D","0402",166.851100,-224.003600,-90.000000,top
"L19","BLM15PX601SN1D","0402",158.851100,-223.903600,-90.000000,top
"Q1","SI1012R","SC75",141.351097,-205.403607,90.000000,top
"Q2","SI1012R","SC75",127.651097,-205.403607,90.000000,top
"R1","3k","0402",136.451100,-202.703600,-90.000000,top
"R2","3k","0402",122.551100,-203.103600,-90.000000,top
"R3","2k","0402",119.351100,-195.303600,-90.000000,top
"R4","2k","0402",119.251100,-189.203600,-90.000000,top
"R5","150,0.25W","0603",138.151104,-202.703594,90.000000,top
"R6","150,0.25W","0603",128.251100,-202.703600,90.000000,top
"R7","150,0.25W","0603",140.051104,-202.703594,90.000000,top
"R8","150,0.25W","0603",124.451100,-202.703594,90.000000,top
"R9","2k","0402",120.451100,-192.703600,180.000000,top
"R10","2k","0402",124.651100,-181.903600,-90.000000,top
"R11","150,0.25W","0603",141.951104,-202.703594,90.000000,top
"R12","150,0.25W","0603",126.351100,-202.703594,90.000000,top
"R13","165k","0402",143.651100,-205.703600,-90.000000,top
"R14","165k","0402",129.851100,-205.503600,-90.000000,top
"R15","10k","0402",147.551100,-205.703600,90.000000,top
"R16","10k","0402",133.751100,-205.503600,90.000000,top
"R17","1k","0402",144.951100,-205.703600,-90.000000,top
"R18","1k","0402",131.151100,-205.503600,-90.000000,top
"R19","5.6k 1%","0402",159.351100,-195.103600,90.000000,top
"R20","21k 1%","0402",159.351100,-192.903600,90.000000,top
"R21","5.6k 1%","0402",139.640294,-182.243913,90.000000,top
"R22","21k 1%","0402",139.640294,-179.957913,90.000000,top
"R23","49.9","0402",143.651094,-202.703597,-90.000000,top
"R24","49.9","0402",129.951094,-202.703594,-90.000000,top
"R28","49.9","0402",155.051100,-202.303600,180.000000,top
"R29","49.9","0402",135.151100,-189.903600,-90.000000,top
"R30","4.7k","0402",160.551100,-207.103600,-90.000000,top
"R31","4.7k","0402",140.251100,-194.403600,-90.000000,top
"R32","4.7k","0402",159.151100,-207.103600,-90.000000,top
"R33","4.7k","0402",138.951100,-194.403600,-90.000000,top
"R34","DNP","0402",160.651100,-195.103600,90.000000,top
"R35","10k","0402",160.651100,-192.903600,90.000000,top
"R36","DNP","0402",140.991294,-182.243913,90.000000,top
"R37","10k","0402",140.991294,-179.957913,90.000000,top
"R38","3k","0402",131.551100,-208.203600,90.000000,top
"R39","3k","0402",132.851100,-208.203600,90.000000,top
"R49","165k","0402",156.151100,-206.503600,0.000000,top
"R50","165k","0402",150.451100,-195.703600,0.000000,top
"R51","165k","0402",156.151100,-205.103600,0.000000,top
"R52","165k","0402",150.451100,-197.003600,0.000000,top
"R53","2.2k","RN2X8-1506",130.151100,-235.903600,90.000000,top
"R54","2.2k","RN2X8-1506",130.151100,-230.803600,90.000000,top
"R55","2.2k","RN2X8-1506",130.151100,-219.503600,90.000000,top
"R56","2.2k","RN2X8-1506",130.151100,-224.503600,90.000000,top
"R60","3.48k","0402",160.877413,-179.480407,90.000000,top
"R61","3.48k","0402",163.627413,-179.480407,90.000000,top
"R62","649k","0402",165.002413,-179.480407,90.000000,top
"R67","10k","0402",168.651100,-189.603600,-90.000000,top
"R68","10k","0402",168.651100,-186.203600,90.000000,top
"R70","15k","0402",164.451100,-212.903600,0.000000,top
"R71","4.7k","0402",162.151100,-212.903600,0.000000,top
"R72","47k","0402",158.951100,-212.603600,0.000000,top
"R73","4.7k","0402",156.651100,-212.603600,0.000000,top
"R74","47k","0402",153.351100,-212.603600,0.000000,top
"R75","4.7k","0402",151.051100,-212.603600,0.000000,top
"R76","165k","0402",164.551100,-227.003600,180.000000,top
"R77","178k","0402",156.751100,-227.003600,180.000000,top
"U1","SN74LVC2G34DCKR","SC70",127.551100,-208.503600,180.000000,top
"U2","SN65LVDS9638DGN","MSOP-8-PAD-3X3",146.251100,-238.203600,180.000000,top
"U3","FIN1032MTCX","TSSOP-16",144.351100,-243.303600,0.000000,top
"U4","ADCMP600","SOT-23-5",146.451100,-202.703600,-90.000000,top
"U5","ADCMP600","SOT-23-5",132.751100,-202.703600,-90.000000,top
"U6","DG1412E","QFN16-4X4MM",126.551100,-217.503600,0.000000,top
"U7","DG1412E","QFN16-4X4MM",126.551100,-224.403600,0.000000,top
"U8","DG1412E","QFN16-4X4MM",126.451100,-231.203600,0.000000,top
"U9","DS90UB934-Q1","WQFN48-7X7-PAD",162.651100,-201.853600,180.000000,top
"U10","DS90UB934-Q1","WQFN48-7X7-PAD",143.251100,-189.103600,180.000000,top
"U11","DS91M040","WQFN32-5X5",167.171100,-241.843600,-90.000000,top
"U12","AD5766BCPZ-RL7","CP_40_7",140.251100,-213.403600,135.000000,top
"U13","MCP47FEB02A0-E/ST","TSSOP-8",149.851100,-204.003600,0.000000,top
"U15","AD7616BSTZ","ST_80_2",140.751100,-227.703600,0.000000,top
"U16","AD5142BRUZ10","TSSOP-16_4.4X5.0",169.651100,-180.303600,0.000000,top
"U17","LTM4622A","BGA_5X5_625X625",161.952413,-184.730407,0.000000,top
"U18","D3V3XA4B10LP","Diodes_UDFN-10_1.0x2.5mm_P0.5mm",139.172500,-241.680000,0.000000,top
"U19","TPS7A49","PVSON-N8+4-3X3",162.751100,-215.803600,-90.000000,top
"U20","TPS7A49","PVSON-N8+4-3X3",157.251100,-215.503600,-90.000000,top
"U21","TPS7A30","PVSON-N8+4-3X3",151.651100,-215.503600,-90.000000,top
"U23","LTM8049IY#PBF","LTM8049",159.951100,-232.203600,-90.000000,top
"U25","D3V3XA4B10LP","Diodes_UDFN-10_1.0x2.5mm_P0.5mm",149.427500,-244.380000,0.000000,top
"U26","D3V3XA4B10LP","Diodes_UDFN-10_1.0x2.5mm_P0.5mm",141.262500,-239.250000,0.000000,top
